cod_ibge;municipio;ARTESANAL;INDUSTRIAL;Pescadores;area_influencia;comunidades_quilombolas;localidades_indigenas;territorio_identidade;populacao_valor;pop_rankBA;populacao;urbanizacao_perc;urbanizacao;quilombolas_valor;quilombolas_perc;quilombolas;indigenas_valor;indigenas_perc;indigenas;analfabetismo_perc;analfabetismo;IDH_2010_valor;IDH_2010_tankBA;IDH_2010;ind.gini_valor;indice_gini;beneficiados_PBF_valor;beneficiados_PBF_perc;beneficiados_PBF;PIB_valor;PIB_escala;PIB_rankBA;PIB;PIB_per_capita_valor;PIB_per_capita_rankBA;PIB_per_capita;VAB_com_serv_2021;VAB_agro_2021;VAB_ind_2021;estoque_emprego_formal_valor;estoque_emprego_formal_rankBA;estoque_emprego_formal;saldo_emp_formal_valor;saldo_emp_formal_rankBA;saldo_emp_formal;estoque_servicos_valor;estoque_servicos_rank;estoque_servicos;estoque_comercio_valor;estoque_comercio_rank;estoque_comercio;estoque_industria_valor;estoque_industria_rank;estoque_industria_2025;estoque_agro_valor;estoque_agro_rank;estoque_agro;estoque_const.civil_valor;estoque_const.civil_rank;estoque_const.civil
2905404;Cairu;2387;;2387;AII;15;0;Baixo Sul;18578;183;18.578 (183° na BA);84,3;84,3% (76,6% na BA);4584;25,8;4.584 (25,80% da pop.);104;0,6;104 (0,60% da pop.);11;11,00% (12,6% na BA);0,627;70;0,627 (70° na BA);53;0,53 (0,62% na BA);9375;50,5;9.375 (50,50% da pop.);1400000000;bi;104;1,4 bi (104° na BA);81207,4;11;81.207,40 (11° na BA);36,4;1,3;62,3;4857;74;4.857 (74° na BA);167;239;167 (239° na BA);4120;1;4.120 (1°);563;2;563 (2°);26;5;26 (5°);81;3;81 (3°);67;4;67 (4°)
2905701;Camaçari;389;1;390;AII;3;2;Metropolitano de Salvador;321636;4;321.636 (4° na BA);97,9;97,9% (76,6% na BA);1619;0,5;1.619 (0,50% da pop.);4837;1,6;4.837 (1,60% da pop.);5,4;5,40% (12,6% na BA);0,694;70;0,694 (70° na BA);53;0,53 (0,62% na BA);101970;31,7;101.970 (31,70% da pop.);27400000000;bi;2;27,4 bi (2° na BA);91283,07;8;91.283,07 (8° na BA);39,5;0,1;60,5;93571;5;93.571 (5° na BA);6343;2;6.343 (2° na BA);41631;1;41.631 (1°);14020;3;14.020 (3°);28815;2;28.815 (2°);182;5;182 (5°);10923;4;10.923 (4°)
2906501;Candeias;1423;;1423;AII;4;0;Metropolitano de Salvador;74854;28;74.854 (28° na BA);91,5;91,5% (76,6% na BA);814;1,1;814 (1,10% da pop.);578;0,8;578 (0,80% da pop.);7,2;7,20% (12,6% na BA);0,691;11;0,691 (11° na BA);48;0,48 (0,62% na BA);29700;39,7;29.700 (39,70% da pop.);5800000000;bi;13;5,8 bi (13° na BA);79439,99;12;79.439,99 (12° na BA);51,7;0,3;48;18861;20;18.861 (20° na BA);-21;408;-21 (408° na BA);11961;1;11.961 (1°);2705;3;2.705 (3°);3629;2;3.629 (2°);47;5;47 (5°);519;4;519 (4°)
2909802;Cruz das Almas;16;;16;AII;2;0;Recôncavo;63326;35;63.326 (35° na BA);78,3;78,3% (76,6% na BA);835;1,4;835 (1,40% da pop.);746;1,2;746 (1,20% da pop.);8,7;8,70% (12,6% na BA);0,699;9;0,699 (9° na BA);55;0,55 (0,62% na BA);22516;35,6;22.516 (35,60% da pop.);1300000000;bi;47;1,3 bi (47° na BA);21196,64;88;21.196,64 (88° na BA);86,5;1,9;11,5;13499;32;13.499 (32° na BA);293;48;293 (48° na BA);6914;1;6.914 (1°);4079;2;4.079 (2°);1625;3;1.625 (3°);631;4;631 (4°);250;5;250 (5°)
2910057;Dias dÁvila;29;;29;AII;0;0;Metropolitano de Salvador;75296;26;75.296 (26° na BA);97,6;97,6% (76,6% na BA);420;0,6;420 (0,60% da pop.);1014;1,4;1.014 (1,40% da pop.);6,5;6,50% (12,6% na BA);0,676;20;0,676 (20° na BA);50;0,5 (0,62% na BA);28199;37,5;28.199 (37,50% da pop.);2400000000;bi;27;2,4 bi (27° na BA);33263,18;38;33.263,18 (38° na BA);37,7;0,1;62,1;15633;27;15.633 (27° na BA);163;76;163 (76° na BA);7780;1;7.780 (1°);2530;3;2.530 (3°);4224;2;4.224 (2°);47;5;47 (5°);1052;4;1.052 (4°)
2919207;Lauro de Freitas;107;;107;AID;8;0;Metropolitano de Salvador;219564;6;219.564 (6° na BA);100;100,0% (76,6% na BA);4856;2,4;4.856 (2,40% da pop.);4836;2,4;4.836 (2,40% da pop.);3,7;3,70% (12,6% na BA);0,754;2;0,754 (2° na BA);63;0,63 (0,62% na BA);58280;26,5;58.280 (26,50% da pop.);8900000000;bi;8;8,9 bi (8° na BA);43861,88;21;43.861,88 (21° na BA);80,7;0;19,3;142165;3;142.165 (3° na BA);5522;4;5.522 (4° na BA);106640;1;106.640 (1°);18144;2;18.144 (2°);7286;4;7.286 (4°);91;5;91 (5°);10001;3;10.001 (3°)
2927408;Salvador;8935;;8935;ADA;41;0;Metropolitano de Salvador;2564204;1;2.564.204 (1° na BA);100;100,0% (76,6% na BA);15897;0,7;15.897 (0,70% da pop.);27715;1,1;27.715 (1,10% da pop.);3,5;3,50% (12,6% na BA);0,759;1;0,759 (1° na BA);63;0,63 (0,62% na BA);622231;24,3;622.231 (24,30% da pop.);76700000000;bi;1;76,7 bi (1° na BA);31724,15;40;31.724,15 (40° na BA);86,7;0,1;13,2;897766;1;897.766 (1° na BA);30441;1;30.441 (1° na BA);665995;1;665.995 (1°);123784;2;123.784 (2°);49805;4;49.805 (4°);1318;5;1.318 (5°);56864;3;56.864 (3°)
2928604;Santo Amaro;5824;;5824;AII;7;0;Recôncavo;58398;38;58.398 (38° na BA);77;77,0% (76,6% na BA);6936;12,4;6.936 (12,40% da pop.);584;1;584 (1,00% da pop.);10,3;10,30% (12,6% na BA);0,646;44;0,646 (44° na BA);56;0,56 (0,62% na BA);26479;45,3;26.479 (45,30% da pop.);1400000000;bi;45;1,4 bi (45° na BA);24562,08;64;24.562,08 (64° na BA);65,3;7,4;27,3;8975;42;8.975 (42° na BA);31;202;31 (202° na BA);6128;1;6.128 (1°);1153;2;1.153 (2°);1025;3;1.025 (3°);356;4;356 (4°);313;5;313 (5°)
2928703;Santo Antônio de Jesus;69;;69;AID;1;0;Recôncavo;109791;18;109.791 (18° na BA);89,5;89,5% (76,6% na BA);157;0,2;157 (0,20% da pop.);298;0,3;298 (0,30% da pop.);8,2;8,20% (12,6% na BA);0,7;8;0,7 (8° na BA);54;0,54 (0,62% na BA);29142;26,5;29.142 (26,50% da pop.);3000000000;bi;25;3 bi (25° na BA);29386,38;43;29.386,38 (43° na BA);79,8;3,1;17,1;30512;15;30.512 (15° na BA);1294;11;1.294 (11° na BA);13335;1;13.335 (1°);8269;2;8.269 (2°);7928;3;7.928 (3°);259;5;259 (5°);721;4;721 (4°)
2929206;São Francisco do Conde;3699;;3699;AII;4;0;Metropolitano de Salvador;41110;60;41.110 (60° na BA);93,4;93,4% (76,6% na BA);2232;5,8;2.232 (5,8% da pop.);760;2;760 (2,0% da pop.);8,2;8,2% (12,6% na BA);0,674;23;0,674 (23° na BA);50;0,5 (0,62% na BA);18591;45,2;18.591 (45,2% da pop.);26500000000;bi;3;26,5 bi (3° na BA);684319,2;1;684.319,2 (1° na BA);32;67,8;0,2;7647;46;7.647 (46° na BA);-105;399;-105 (399° na BA);4777;1;4.777 (1°);1041;3;1.041 (3°);1593;2;1.593 (2°);77;5;77 (5°);159;4;159 (4°)
2930709;Simões Filho;184;1;185;AID;10;0;Metropolitano de Salvador;120419;15;120.419 (15° na BA);98;98,0% (76,6% na BA);3576;3,1;3.576 (3,1% da pop.);2730;2,4;2.730 (2,4% da pop.);5,6;5,6% (12,6% na BA);0,675;22;0,675 (22° na BA);50;0,5 (0,62% na BA);45214;37,5;45.214 (37,5% da pop.);8500000000;bi;10;8,5 bi (10° na BA);74270,21;14;74.270,21 (14° na BA);55,5;0,2;44,2;51182;7;51.182 (7° na BA);457;32;457 (32° na BA);23124;1;23.124 (1°);9332;3;9.332 (3°);13533;2;13.533 (2°);69;5;69 (5°);5124;4;5.124 (4°)
2932903;Valença;4919;1;4920;AII;22;0;Baixo Sul;90053;20;90.053 (20° na BA);73;73,0% (76,6% na BA);3402;4;3.402 (4,0% da pop.);435;0,5;435 (0,5% da pop.);14,8;14,8% (12,6% na BA);0,623;80;0,623 (80° na BA);54;0,54 (0,62% na BA);33932;37,7;33.932 (37,7% da pop.);2200000000;bi;28;2,2 bi (28° na BA);25619,69;53;25.619,69 (53° na BA);77;12,2;10,7;15670;26;15.670 (26° na BA);557;28;557 (28° na BA);9041;1;9.041 (1°);3835;2;3.835 (2°);1846;3;1.846 (3°);653;4;653 (4°);295;5;295 (5°)
2902302;Aratuípe;749;;749;AID;0;0;Baixo Sul;8993;364;8.993 (364° na BA);63;63,0% (76,6% na BA);12;0,1;12 (0,10% da pop.);17;0,2;17 (0,20% da pop.);18,4;18,40% (12,6% na BA);0,575;278;0,575 (278° na BA);52;0,52 (0,62% na BA);5638;62,7;5.638 (62,70% da pop.);107400000;mi;373;107,4 mi (373° na BA);12374,13;319;12.374,13 (319° na BA);74,4;21,3;4,3;901;344;901 (344° na BA);0;317;0 (317° na BA);734;1;734 (1°);76;2;76 (2°);4;5;4 (5°);53;3;53 (3°);34;4;34 (4°)
2904852;Cabaceiras do Paraguaçu;143;;143;AII;0;0;Recôncavo;17024;207;17.024 (207° na BA);32;32,0% (76,6% na BA);0;0;0 (0% da pop.);176;1,1;176 (1,10% da pop.);20,5;20,50% (12,6% na BA);0,581;246;0,581 (246° na BA);54;0,54 (0,62% na BA);10129;59,5;10.129 (59,50% da pop.);186400000;mi;260;186,4 mi (260° na BA);11234,25;363;11.234,25 (363° na BA);77,3;16,1;6,6;1455;244;1.455 (244° na BA);20;239;20 (239° na BA);1077;1;1.077 (1°);214;2;214 (2°);101;3;101 (3°);43;4;43 (4°);20;5;20 (5°)
2904902;Cachoeira;2370;;2370;AII;27;0;Recôncavo;30498;96;30.498 (96° na BA);68,4;68,4% (76,6% na BA);6972;23,8;6.972 (23,80% da pop.);242;0,8;242 (0,80% da pop.);13,2;13,20% (12,6% na BA);0,647;43;0,647 (43° na BA);56;0,56 (0,62% na BA);15081;49,4;15.081 (49,40% da pop.);521400000;mi;104;521,4 mi (104° na BA);17826,19;134;17.826,19 (134° na BA);70,8;8,3;20,8;4765;76;4.765 (76° na BA);-52;239;-52 (239° na BA);3040;1;3.040 (1°);596;3;596 (3°);695;2;695 (2°);368;4;368 (4°);66;5;66 (5°)
2905800;Camamu;1343;;1343;AII;29;1;Baixo Sul;31694;93;31.694 (93° na BA);53,2;53,2% (76,6% na BA);6596;21,5;6.596 (21,50% da pop.);402;1,3;402 (1,30% da pop.);20,1;20,10% (12,6% na BA);0,565;317;0,565 (317° na BA);54;0,54 (0,62% na BA);16484;52;16.484 (52,00% da pop.);557700000;mi;98;557,7 mi (98° na BA);18302,59;123;18.302,59 (123° na BA);71,2;23,6;5,2;5998;63;5.998 (63° na BA);25;220;25 (220° na BA);4721;1;4.721 (1°);832;2;832 (2°);205;3;205 (3°);146;4;146 (4°);94;5;94 (5°)
2907301;Castro Alves;21;;21;AID;0;0;Recôncavo;25470;124;25.470 (124° na BA);63,9;63,9% (76,6% na BA);75;0,3;75 (0,30% da pop.);18;0,1;18 (0,10% da pop.);17,5;17,50% (12,6% na BA);0,613;110;0,613 (110° na BA);54;0,54 (0,62% na BA);11396;44,7;11.396 (44,70% da pop.);431900000;mi;123;431,9 mi (123° na BA);17478,88;143;17.478,88 (143° na BA);75,4;7,7;16,8;5192;70;5.192 (70° na BA);143;91;143 (91° na BA);3148;1;3.148 (1°);462;3;462 (3°);1245;2;1.245 (2°);305;4;305 (4°);32;5;32 (5°)
2908309;Conceição do Almeida;0;0;0;AID;0;0;Recôncavo;16134;220;16.134 (220° na BA);47,3;47,3% (76,6% na BA);0;0;0 (0% da pop.);9;0,1;9 (0,10% da pop.);14,9;14,90% (12,6% na BA);0,606;131;0,606 (131° na BA);56;0,56 (0,62% na BA);6305;39,1;6.305 (39,10% da pop.);236500000;mi;218;236,5 mi (218° na BA);14974,46;219;14.974,46 (219° na BA);75,2;11,8;13;2706;148;2.706 (148° na BA);-131;400;-131 (400° na BA);1425;1;1.425 (1°);303;3;303 (3°);873;2;873 (2°);102;4;102 (4°);3;5;3 (5°)
2910206;Dom Macedo Costa;2;;2;AID;0;0;Recôncavo;4608;408;4.608 (408° na BA);50,5;50,5% (76,6% na BA);0;0;0 (0% da pop.);201;4,6;201 (4,60% da pop.);15,2;15,20% (12,6% na BA);0,632;62;0,632 (62° na BA);55;0,55 (0,62% na BA);1963;42,6;1.963 (42,60% da pop.);60800000;mi;415;60,8 mi (415° na BA);13805,38;257;13.805,38 (257° na BA);76,5;16,6;6,8;685;383;685 (383° na BA);30;206;30 (206° na BA);540;1;540 (1°);42;4;42 (4°);44;3;44 (3°);10;5;10 (5°);49;2;49 (2°)
2911204;Gandu;11;;11;AII;1;0;Baixo Sul;34051;87;34.051 (87° na BA);83,6;83,6% (76,6% na BA);276;0,9;276 (0,90% da pop.);31;0,1;31 (0,10% da pop.);14,5;14,50% (12,6% na BA);0,632;62;0,632 (62° na BA);59;0,59 (0,62% na BA);12073;35,5;12.073 (35,50% da pop.);598600000;mi;88;598,6 mi (88° na BA);18604,11;121;18.604,11 (121° na BA);77,3;16,9;5,8;4656;79;4.656 (79° na BA);225;57;225 (57° na BA);2653;1;2.653 (1°);1407;2;1.407 (2°);246;4;246 (4°);278;3;278 (3°);72;5;72 (5°)
2911600;Governador Mangabeira;14;;14;AII;1;0;Recôncavo;21353;153;21.353 (153° na BA);45,6;45,6% (76,6% na BA);94;0,5;94 (0,50% da pop.);379;1,8;379 (1,80% da pop.);15,2;15,20% (12,6% na BA);0,643;46;0,643 (46° na BA);54;0,54 (0,62% na BA);7979;37,4;7.979 (37,40% da pop.);284800000;mi;185;284,8 mi (185° na BA);13824,18;255;13.824,18 (255° na BA);82,5;10,8;6,7;3084;130;3.084 (130° na BA);71;136;71 (136° na BA);1447;1;1.447 (1°);375;3;375 (3°);125;4;125 (4°);1105;2;1.105 (2°);32;5;32 (5°)
2912707;Ibirapitanga;3;;3;AII;0;0;Baixo Sul;26917;115;26.917 (115° na BA);55,2;55,2% (76,6% na BA);39;0,2;39 (0,20% da pop.);172;0,7;172 (0,70% da pop.);21;21% (12,6% na BA);0,558;344;0,558 (344° na BA);52;0,52 (0,62% na BA);9567;35,5;9.567 (35,50% da pop.);385400000;mi;138;385,4 mi (138° na BA);15204,83;211;15.204,83 (211° na BA);57;37,9;5,1;1453;245;1.453 (245° na BA);142;92;142 (92° na BA);977;1;977 (1°);206;2;206 (2°);17;5;17 (5°);197;3;197 (3°);56;4;56 (4°)
2913457;Igrapiúna;867;;867;AII;8;0;Baixo Sul;13501;281;13.501 (281° na BA);34,1;34,1% (76,6% na BA);867;6,6;867 (6,60% da pop.);39;0,3;39 (0,30% da pop.);19,4;19,40% (12,6% na BA);0,574;286;0,574 (286° na BA);54;0,54 (0,62% na BA);6118;45,3;6.118 (45,30% da pop.);248000000;mi;211;248 mi (211° na BA);18859,01;116;18.859,01 (116° na BA);47,1;35,4;17,5;1592;230;1.592 (230° na BA);50;163;50 (163° na BA);847;1;847 (1°);86;4;86 (4°);118;3;118 (3°);534;2;534 (2°);7;5;7 (5°)
2916104;Itaparica;3745;;3745;ADA;3;0;Metropolitano de Salvador;20353;168;20.353 (168° na BA);100;100,0% (76,6% na BA);240;1,2;240 (1,20% da pop.);626;3,2;626 (3,20% da pop.);7,5;7,50% (12,6% na BA);0,67;26;0,67 (26° na BA);63;0,63 (0,62% na BA);10495;51,6;10.495 (51,60% da pop.);298000000;mi;176;298 mi (176° na BA);15084,83;215;15.084,83 (215° na BA);88,9;3,5;7,6;2925;139;2.925 (139° na BA);148;84;148 (84° na BA);2274;1;2.274 (1°);463;2;463 (2°);18;4;18 (4°);4;5;4 (5°);166;3;166 (3°)
2917300;Ituberá;1439;;1439;AII;11;0;Baixo Sul;22154;143;22.154 (143° na BA);73,9;73,9% (76,6% na BA);1693;7,7;1.693 (7,70% da pop.);58;0,3;58 (0,30% da pop.);16,5;16,50% (12,6% na BA);0,606;131;0,606 (131° na BA);51;0,51 (0,62% na BA);12198;55,1;12.198 (55,10% da pop.);420900000;mi;130;420,9 mi (130° na BA);19216,18;107;19.216,18 (107° na BA);70,8;20,4;8,7;3141;139;3.141 (139° na BA);-1;322;-1 (322° na BA);1816;1;1.816 (1°);777;2;777 (2°);319;3;319 (3°);206;4;206 (4°);23;5;23 (5°)
2917805;Jaguaripe;2137;;2137;AID;0;0;Baixo Sul;18349;187;18.349 (187° na BA);40,8;40,8% (76,6% na BA);45;0,3;45 (0,30% da pop.);15;0,1;15 (0,10% da pop.);19,2;19,20% (12,6% na BA);0,556;351;0,556 (351° na BA);55;0,55 (0,62% na BA);10595;57,7;10.595 (57,70% da pop.);261100000;mi;203;261,1 mi (203° na BA);14786,83;226;14.786,83 (226° na BA);62,2;33,5;4,3;1304;265;1.304 (265° na BA);-17;360;-17 (360° na BA);1016;1;1.016 (1°);102;3;102 (3°);39;4;39 (4°);142;2;142 (2°);5;5;5 (5°)
2918803;Laje;3;;3;AII;1;0;Vale do Jiquiriçá;21705;150;21.705 (150° na BA);35;35,0% (76,6% na BA);80;0,4;80 (0,40% da pop.);35;0,2;35 (0,20% da pop.);20,9;20,90% (12,6% na BA);0,586;220;0,586 (220° na BA);51;0,51 (0,62% na BA);11314;52,1;11.314 (52,10% da pop.);344500000;mi;152;344,5 mi (152° na BA);16366,21;180;16.366,21 (180° na BA);70,2;25,4;4,4;2099;180;2.099 (180° na BA);30;206;30 (206° na BA);1607;1;1.607 (1°);295;2;295 (2°);88;3;88 (3°);73;4;73 (4°);36;5;36 (5°)
2919926;Madre de Deus;2128;;2128;AII;0;0;Metropolitano de Salvador;19224;174;19.224 (174° na BA);100;100,0% (76,6% na BA);4;0;4 (0,00% da pop.);731;4;731 (4,00% da pop.);4,4;4,40% (12,6% na BA);0,708;7;0,708 (7° na BA);54;0,54 (0,62% na BA);6597;34,3;6.597 (34,30% da pop.);710400000;mi;73;710,4 mi (73° na BA);38393,78;27;38.393,78 (27° na BA);85,6;0,6;13,8;3497;113;3.497 (113° na BA);-148;401;-148 (401° na BA);2582;1;2.582 (1°);355;3;355 (3°);358;2;358 (2°);0;5;0 (5°);202;4;202 (4°)
2920601;Maragogipe;6167;;6167;AII;27;0;Recôncavo;37041;73;37.041 (73° na BA);59,5;59,5% (76,6% na BA);5812;16,2;5.812 (16,20% da pop.);312;0,9;312 (0,90% da pop.);17,6;17,60% (12,6% na BA);0,621;84;0,621 (84° na BA);57;0,57 (0,62% na BA);22304;34,3;22.304 (34,30% da pop.);479200000;mi;116;479,2 mi (116° na BA);13363,78;269;13.363,78 (269° na BA);73,7;21,4;4,8;4193;93;4.193 (93° na BA);790;20;790 (20° na BA);2993;1;2.993 (1°);335;3;335 (3°);813;2;813 (2°);13;5;13 (5°);39;4;39 (4°)
2922201;Muniz Ferreira;263;;263;AID;0;0;Recôncavo;7453;383;7.453 (383° na BA);53,5;53,5% (76,6% na BA);0;0;0 (0% da pop.);1;0;1 (0,00% da pop.);17,4;17,40% (12,6% na BA);0,617;92;0,617 (92° na BA);51;0,51 (0,62% na BA);3351;45;3.351 (45,00% da pop.);86300000;mi;393;86,3 mi (393° na BA);12006,87;333;12.006,87 (333° na BA);81;12,3;6,6;795;364;795 (364° na BA);9;281;9 (281° na BA);661;1;661 (1°);53;2;53 (2°);30;3;30 (3°);30;4;30 (4°);21;5;21 (5°)
2922300;Muritiba;16;;16;AII;6;0;Recôncavo;30180;98;30.180 (98° na BA);66,7;66,7% (76,6% na BA);2006;7;2.006 (7,00% da pop.);540;1,9;540 (1,90% da pop.);11,8;11,80% (12,6% na BA);0,66;36;0,66 (36° na BA);55;0,55 (0,62% na BA);13751;45,6;13.751 (45,60% da pop.);376000000;mi;144;376 mi (144° na BA);13097,03;285;13.097,03 (285° na BA);84,8;5,2;10;3231;127;3.231 (127° na BA);-18;363;-18 (363° na BA);2091;1;2.091 (1°);662;2;662 (2°);106;4;106 (4°);306;3;306 (3°);66;5;66 (5°)
2922508;Nazaré;3904;;3904;AID;2;0;Recôncavo;28427;106;28.427 (106° na BA);80,6;80,6% (76,6% na BA);479;1,8;479 (1,80% da pop.);31;0,1;31 (0,10% da pop.);15,1;15,10% (12,6% na BA);0,641;48;0,641 (48° na BA);61;0,61 (0,62% na BA);11286;39,7;11.286 (39,70% da pop.);463700000;mi;118;463,7 mi (118° na BA);17136,76;152;17.136,76 (152° na BA);88;5;7;3334;123;3.334 (123° na BA);144;90;144 (90° na BA);2074;1;2.074 (1°);571;2;571 (2°);567;3;567 (3°);57;5;57 (5°);65;4;65 (4°)
2922607;Nilo Peçanha;1652;;1652;AII;3;0;Baixo Sul;12399;291;12.399 (291° na BA);45,1;45,1% (76,6% na BA);552;4,6;552 (4,60% da pop.);14;0,1;14 (0,10% da pop.);21,5;21,50% (12,6% na BA);0,547;375;0,547 (375° na BA);52;0,52 (0,62% na BA);7140;57,6;7.140 (57,60% da pop.);201000000;mi;247;201 mi (247° na BA);16664,87;169;16.664,87 (169° na BA);53,6;41,1;5,3;770;369;770 (369° na BA);22;233;22 (233° na BA);548;1;548 (1°);74;2;74 (2°);71;3;71 (3°);70;4;70 (4°);7;5;7 (5°)
2924678;Piraí do Norte;3;;3;AII;0;0;Baixo Sul;11481;303;11.481 (303° na BA);39,9;39,9% (76,6% na BA);0;0;0 (0% da pop.);8;0,1;8 (0,10% da pop.);18,5;18,50% (12,6% na BA);0,533;403;0,533 (403° na BA);49;0,49 (0,62% na BA);4344;37,8;4.344 (37,80% da pop.);157000000;mi;297;157 mi (297° na BA);14306,6;238;14.306,60 (238° na BA);55,3;40,7;4;731;374;731 (374° na BA);31;202;31 (202° na BA);633;1;633 (1°);69;2;69 (2°);3;4;3 (4°);25;3;25 (3°);1;5;1 (5°)
2925758;Presidente Tancredo Neves;11;;11;AII;4;0;Baixo Sul;29489;103;29.489 (103° na BA);56,1;56,1% (76,6% na BA);457;1,6;457 (1,60% da pop.);75;0,3;75 (0,30% da pop.);19,6;19,60% (12,6% na BA);0,559;339;0,559 (339° na BA);55;0,55 (0,62% na BA);16262;55,1;16.262 (55,10% da pop.);417900000;mi;132;417,9 mi (132° na BA);15069,35;216;15.069,35 (216° na BA);66;28,2;5,8;2117;178;2.117 (178° na BA);120;109;120 (109° na BA);1319;1;1.319 (1°);543;2;543 (2°);158;3;158 (3°);58;4;58 (4°);39;5;39 (5°)
2927309;Salinas da Margarida;6653;;6653;AID;1;0;Recôncavo;15629;231;15.629 (231° na BA);96,8;96,8% (76,6% na BA);1930;12,9;1.930 (12,90% da pop.);58;0,4;58 (0,40% da pop.);8,7;8,70% (12,6% na BA);0,617;92;0,617 (92° na BA);54;0,54 (0,62% na BA);9575;61,3;9.575 (61,30% da pop.);250100000;mi;210;250,1 mi (210° na BA);16686,5;166;16.686,50 (166° na BA);58,5;36,6;4,9;1250;277;1.250 (277° na BA);41;179;41 (179° na BA);876;1;876 (1°);275;2;275 (2°);6;5;6 (5°);61;3;61 (3°);32;4;32 (4°)
2929107;São Felipe;7;;7;AII;0;0;Recôncavo;20923;157;20.923 (157° na BA);55,1;55,1% (76,6% na BA);0;0;0 (0% da pop.);170;0,8;170 (0,80% da pop.);16,5;16,50% (12,6% na BA);0,616;96;0,616 (96° na BA);50;0,5 (0,62% na BA);10975;52,5;10.975 (52,50% da pop.);282900000;mi;187;282,9 mi (187° na BA);13947,19;252;13.947,19 (252° na BA);70,5;24;5,5;1626;224;1.626 (224° na BA);112;113;112 (113° na BA);923;1;923 (1°);503;2;503 (2°);59;4;59 (4°);29;5;29 (5°);112;3;112 (3°)
2929008;São Félix;179;;179;AII;9;0;Recôncavo;11102;314;11.102 (314° na BA);64,5;64,5% (76,6% na BA);1395;13;1.395 (13% da pop.);213;1,9;213 (1,90% da pop.);12,8;12,80% (12,6% na BA);0,639;50;0,639 (50° na BA);48;0,48 (0,62% na BA);4762;42,9;4.762 (42,9% da pop.);198100000;mi;251;198,1 mi (251° na BA);17963,55;129;17.963,55 (129° na BA);68,8;23;8,1;1620;226;1.620 (226° na BA);59;150;59 (150° na BA);1432;1;1.432 (1°);105;2;105 (2°);47;3;47 (3°);22;4;22 (4°);14;5;14 (5°)
2929404;São Miguel das Matas;1;;1;AII;0;0;Vale do Jiquiriçá;10615;337;10.615 (337° na BA);39,3;39,3% (76,6% na BA);0;0;0 (0% da pop.);76;0,7;76 (0,7% da pop.);18,2;18,2% (12,6% na BA);0,593;181;0,593 (181° na BA);51;0,51 (0,62% na BA);4939;46,5;4.939 (46,5% da pop.);207600000;mi;242;207,6 mi (242° na BA);20085,93;97;20.085,93 (97° na BA);72,3;23,6;4,1;940;334;940 (334° na BA);40;181;40 (181° na BA);578;1;578 (1°);227;2;227 (2°);22;5;22 (5°);23;4;23 (4°);90;3;90 (3°)
2929503;São Sebastião do Passé;21;;21;AII;4;0;Metropolitano de Salvador;42944;55;42.944 (55° na BA);82,4;82,4% (76,6% na BA);790;1,9;790 (1,9% da pop.);197;0,5;197 (0,5% da pop.);10,9;10,9% (12,6% na BA);0,657;38;0,657 (38° na BA);53;0,53 (0,62% na BA);13474;31,4;13.474 (31,4% da pop.);957100000;mi;55;957,1 mi (55° na BA);23367,58;74;23.367,58 (74° na BA);60,8;3,5;35,7;6329;60;6.329 (60° na BA);28;213;28 (213° na BA);3558;1;3.558 (1°);823;3;823 (3°);1342;2;1.342 (2°);242;5;242 (5°);364;4;364 (4°)
2929602;Sapeaçu;4;;4;AID;0;0;Recôncavo;18656;180;18.656 (180° na BA);55,7;55,7% (76,6% na BA);0;0;0 (0% da pop.);18;0,1;18 (0,1% da pop.);13;13,0% (12,6% na BA);0,614;104;0,614 (104° na BA);58;0,58 (0,62% na BA);8598;46,1;8.598 (46,1% da pop.);343800000;mi;153;343,8 mi (153° na BA);19139,59;111;19.139,59 (111° na BA);77,5;12,5;10;2871;142;2.871 (142° na BA);273;51;273 (51° na BA);954;2;954 (2°);483;3;483 (3°);1088;1;1.088 (1°);291;4;291 (4°);55;5;55 (5°)
2929750;Saubara;4266;;4266;AII;0;0;Recôncavo;11859;298;11.859 (298° na BA);97,6;97,6% (76,6% na BA);4;0;4 (0,0% da pop.);0;0;0 (0% da pop.);11,2;11,2% (12,6% na BA);0,617;92;0,617 (92° na BA);49;0,49 (0,62% na BA);7027;59,3;7.027 (59,3% da pop.);179600000;mi;266;179,6 mi (266° na BA);15699,58;195;15.699,58 (195° na BA);72,4;19;8,5;1975;187;1.975 (187° na BA);78;132;78 (132° na BA);1843;1;1.843 (1°);101;2;101 (2°);18;3;18 (3°);1;5;1 (5°);12;4;12 (4°)
2931202;Taperoá;1728;;1728;AII;14;0;Baixo Sul;18556;184;18.556 (184° na BA);46,8;46,8% (76,6% na BA);2182;12,1;2.182 (12,1% da pop.);44;0,2;44 (0,2% da pop.);19,5;19,5% (12,6% na BA);0,566;312;0,566 (312° na BA);53;0,53 (0,62% na BA);9216;49,7;9.216 (49,7% da pop.);254700000;mi;207;254,7 mi (207° na BA);14114,51;246;14.114,51 (246° na BA);74,7;21,8;3,6;1415;248;1.415 (248° na BA);19;241;19 (241° na BA);972;1;972 (1°);272;2;272 (2°);74;3;74 (3°);73;4;73 (4°);24;5;24 (5°)
2931608;Teolândia;7;;7;AII;3;0;Baixo Sul;15978;223;15.978 (223° na BA);33,9;33,9% (76,6% na BA);791;5,2;791 (5,2% da pop.);11;0,1;11 (0,1% da pop.);22,7;22,7% (12,6% na BA);0,555;353;0,555 (353° na BA);48;0,48 (0,62% na BA);6915;43,3;6.915 (43,3% da pop.);279600000;mi;190;279,6 mi (190° na BA);18237,15;125;18.237,15 (125° na BA);50,3;45,2;4,4;1265;271;1.265 (271° na BA);32;196;32 (196° na BA);1055;1;1.055 (1°);147;2;147 (2°);2;5;2 (5°);26;4;26 (4°);35;3;35 (3°)
2933174;Varzedo;0;0;0;AID;0;0;Recôncavo;10328;343;10.328 (343° na BA);43,2;43,2% (76,6% na BA);5;0,1;5 (0,1% da pop.);63;0,6;63 (0,6% da pop.);19,4;19,4% (12,6% na BA);0,586;220;0,586 (220° na BA);52;0,52 (0,62% na BA);4594;44,5;4.594 (44,5% da pop.);172900000;mi;280;172,9 mi (280° na BA);17445,31;144;17.445,31 (144° na BA);50,5;30,8;18,7;1161;292;1.161 (292° na BA);8;285;8 (285° na BA);522;1;522 (1°);182;3;182 (3°);368;2;368 (2°);85;4;85 (4°);4;5;4 (5°)
2933208;Vera Cruz;6822;;6822;ADA;2;0;Metropolitano de Salvador;45191;52;45.191 (52° na BA);97,4;97,4% (76,6% na BA);172;0,4;172 (0,4% da pop.);825;1,9;825 (1,9% da pop.);8,1;8,1% (12,6% na BA);0,645;45;0,645 (45° na BA);57;0,57 (0,62% na BA);23670;52,4;23.670 (52,4% da pop.);709300000;mi;74;709,3 mi (74° na BA);16678,75;167;16.678,75 (167° na BA);82,3;5,9;11,8;6290;61;6.290 (61° na BA);39;182;39 (182° na BA);4331;1;4.331 (1°);1630;2;1.630 (2°);215;3;215 (3°);40;5;40 (5°);74;4;74 (4°)
2933505;Wenceslau Guimarães;5;;5;AII;10;0;Baixo Sul;25535;122;25.535 (122° na BA);47,8;47,8% (76,6% na BA);3697;15,1;3.697 (15,1% da pop.);149;0,6;149 (0,6% da pop.);24,9;24,9% (12,6% na BA);0,544;385;0,544 (385° na BA);45;0,45 (0,62% na BA);12708;49,8;12.708 (49,8% da pop.);424500000;mi;128;424,5 mi (128° na BA);17345,75;148;17.345,75 (148° na BA);48,1;47,8;4,1;1829;204;1.829 (204° na BA);22;233;22 (233° na BA);1513;1;1.513 (1°);183;2;183 (2°);37;4;37 (4°);84;3;84 (3°);12;5;12 (5°)
